name,author,artwork_url,game_code_url,license,like_count,description,top5_comments,thread_url
Bastion Merge,Asté,https://www.lexaloffle.com/bbs/thumbs/pico8_bastion_merge-0.png,https://www.lexaloffle.com/bbs/cposts/ba/bastion_merge-0.p8.png,CC4-BY-NC-SA,8,"Merge your army -> Defend your wall -> Survive the waves ! Tags: merge, tower-defense, puzzle, medieval, knights","thePixelXb_: Nice blend of Vampire Survivor and 2048, challenging reflexes and tower-defense strategy. Aim-only mechanic feels underpowered against large wave numbers. Suggest scatter-shot toggle for higher-level units. | Asté: Thank you for the comment! The range of early units is limited - prioritize your strongest soldiers on the front line. Resist the urge to merge too quickly: two average soldiers side by side beat a single elite unit. | ChazBCook: Really enjoyed this cart - super easy to pick up and understand right away. Merge mechanic clicked fast and felt satisfying. Lost coverage after over-merging and could not recover. Still a fun concept. Wave 15 on first try. | thePixelXb_: (Follow-up screenshot posted)",https://www.lexaloffle.com/bbs/?tid=156225
Fighter Street II,Gruber,https://www.lexaloffle.com/bbs/thumbs/pico8_fighter_street_ii-0.png,https://www.lexaloffle.com/bbs/cposts/fi/fighter_street_ii-0.p8.png,,0,A 2D fighting game for PICO-8 inspired by classic arcade fighters.,,https://www.lexaloffle.com/bbs/?tid=40044
Artefacts of Atlantis,sparr,https://www.lexaloffle.com/bbs/thumbs/pico8_artefacts_of_atlantis-0.png,https://www.lexaloffle.com/bbs/cposts/ar/artefacts_of_atlantis-0.p8.png,,0,Explore the ruins of Atlantis and collect ancient artefacts in this PICO-8 adventure.,,https://www.lexaloffle.com/bbs/?tid=156061
Bem Tennis,bemmie,https://www.lexaloffle.com/bbs/thumbs/pico8_bem_tennis-0.png,https://www.lexaloffle.com/bbs/cposts/be/bem_tennis-0.p8.png,,0,A fun tennis game for PICO-8.,,https://www.lexaloffle.com/bbs/?tid=156219
Crash & Burn - Inversion,Inversion,https://www.lexaloffle.com/bbs/thumbs/pico8_crash_burn-0.png,https://www.lexaloffle.com/bbs/cposts/cr/crash_burn-0.p8.png,,0,Inversion's latest demo released at Assembly 2023.,,https://www.lexaloffle.com/bbs/?tid=53651
Tundraine,voxel,https://www.lexaloffle.com/bbs/thumbs/pico8_tundraine-0.png,https://www.lexaloffle.com/bbs/cposts/tu/tundraine-0.p8.png,,0,Survive the harsh tundra in this PICO-8 survival game.,,https://www.lexaloffle.com/bbs/?tid=45812
clockwise_knight,Liquidream,https://www.lexaloffle.com/bbs/thumbs/pico8_clockwise_knight-0.png,https://www.lexaloffle.com/bbs/cposts/cl/clockwise_knight-0.p8.png,,0,A knight that only moves clockwise in this puzzle game.,,https://www.lexaloffle.com/bbs/?tid=151986
Linecraft - A Minecraft Demake,pancelor,https://www.lexaloffle.com/bbs/thumbs/pico8_linecraft-0.png,https://www.lexaloffle.com/bbs/cposts/li/linecraft-0.p8.png,,0,A Minecraft demake for PICO-8. Build and explore in a tiny world.,,https://www.lexaloffle.com/bbs/?tid=141064
WYSIWYG control code editor,zep,https://www.lexaloffle.com/bbs/thumbs/pico8_wysiwyg_editor-0.png,https://www.lexaloffle.com/bbs/cposts/wy/wysiwyg_editor-0.p8.png,,0,A WYSIWYG editor for PICO-8 control codes.,,https://www.lexaloffle.com/bbs/?tid=52315
WitchCraft TD,Nightblade,https://www.lexaloffle.com/bbs/thumbs/pico8_witchcraft_td-0.png,https://www.lexaloffle.com/bbs/cposts/wi/witchcraft_td-0.p8.png,,0,A tower defense game with witchcraft and magic themes.,,https://www.lexaloffle.com/bbs/?tid=49166
Wunderball,krajzeg,https://www.lexaloffle.com/bbs/thumbs/pico8_wunderball-0.png,https://www.lexaloffle.com/bbs/cposts/wu/wunderball-0.p8.png,,0,A ball-bouncing game with wunderbar mechanics.,,https://www.lexaloffle.com/bbs/?tid=156217
Terra - A Terraria Demake,JadeLombax,https://www.lexaloffle.com/bbs/thumbs/pico8_terra-0.png,https://www.lexaloffle.com/bbs/cposts/te/terra-0.p8.png,,0,"A Terraria demake for PICO-8. Mine, craft, and survive.",,https://www.lexaloffle.com/bbs/?tid=44606
moTunes,morningtoast,https://www.lexaloffle.com/bbs/thumbs/pico8_motunes-0.png,https://www.lexaloffle.com/bbs/cposts/mo/motunes-0.p8.png,,0,A music tool and player for PICO-8.,,https://www.lexaloffle.com/bbs/?tid=156068
Haunted House Repossessed,PicoCreep,https://www.lexaloffle.com/bbs/thumbs/pico8_haunted_house-0.png,https://www.lexaloffle.com/bbs/cposts/ha/haunted_house-0.p8.png,,0,Navigate a haunted house and survive the night.,,https://www.lexaloffle.com/bbs/?tid=155003
First game!!!!,beginner_dev,https://www.lexaloffle.com/bbs/thumbs/pico8_first_game-0.png,https://www.lexaloffle.com/bbs/cposts/fi/first_game-0.p8.png,,0,My very first PICO-8 game!,,https://www.lexaloffle.com/bbs/?tid=156189
10 years anniversary of P.Craft,PcraftDev,https://www.lexaloffle.com/bbs/thumbs/pico8_pcraft-0.png,https://www.lexaloffle.com/bbs/cposts/pc/pcraft-0.p8.png,,0,Celebrating 10 years of P.Craft with a special PICO-8 edition.,,https://www.lexaloffle.com/bbs/?tid=156197
Mozle,krajzeg,https://www.lexaloffle.com/bbs/thumbs/pico8_mozle-0.png,https://www.lexaloffle.com/bbs/cposts/mo/mozle-0.p8.png,,0,A puzzle game with mozle mechanics.,,https://www.lexaloffle.com/bbs/?tid=38216
Robot Jumper,RoboDev,https://www.lexaloffle.com/bbs/thumbs/pico8_robot_jumper-0.png,https://www.lexaloffle.com/bbs/cposts/ro/robot_jumper-0.p8.png,,0,Help the robot jump through obstacles in this platformer.,,https://www.lexaloffle.com/bbs/?tid=156218
Lost Stars,Starpilot,https://www.lexaloffle.com/bbs/thumbs/pico8_lost_stars-0.png,https://www.lexaloffle.com/bbs/cposts/lo/lost_stars-0.p8.png,,0,Navigate through a galaxy of lost stars in this space adventure.,,https://www.lexaloffle.com/bbs/?tid=154352
Snake Gameboy,retrocoder,https://www.lexaloffle.com/bbs/thumbs/pico8_snake_gameboy-0.png,https://www.lexaloffle.com/bbs/cposts/sn/snake_gameboy-0.p8.png,,0,Classic Snake game with a Gameboy aesthetic.,,https://www.lexaloffle.com/bbs/?tid=156216
Celly Blood RBC Simulator,BioGameDev,https://www.lexaloffle.com/bbs/thumbs/pico8_celly_blood-0.png,https://www.lexaloffle.com/bbs/cposts/ce/celly_blood-0.p8.png,,0,Simulate red blood cells navigating through vessels.,,https://www.lexaloffle.com/bbs/?tid=156209
Holly Chasm,HollyDev,https://www.lexaloffle.com/bbs/thumbs/pico8_holly_chasm-0.png,https://www.lexaloffle.com/bbs/cposts/ho/holly_chasm-0.p8.png,,0,Explore a chasm filled with holly and mystery.,,https://www.lexaloffle.com/bbs/?tid=145862
Picunki,Picunki_Dev,https://www.lexaloffle.com/bbs/thumbs/pico8_picunki-0.png,https://www.lexaloffle.com/bbs/cposts/pi/picunki-0.p8.png,,0,A unique puzzle platformer for PICO-8.,,https://www.lexaloffle.com/bbs/?tid=148379
Daily Stitch,StitchMaster,https://www.lexaloffle.com/bbs/thumbs/pico8_daily_stitch-0.png,https://www.lexaloffle.com/bbs/cposts/da/daily_stitch-0.p8.png,,0,A daily puzzle game about stitching patterns together.,,https://www.lexaloffle.com/bbs/?tid=155387
Cattle Crisis,CowboyCoder,https://www.lexaloffle.com/bbs/thumbs/pico8_cattle_crisis-0.png,https://www.lexaloffle.com/bbs/cposts/ca/cattle_crisis-0.p8.png,,0,Manage your cattle ranch through crises and disasters.,,https://www.lexaloffle.com/bbs/?tid=148741
Pro Sprite Trick,SpritePro,https://www.lexaloffle.com/bbs/thumbs/pico8_pro_sprite-0.png,https://www.lexaloffle.com/bbs/cposts/pr/pro_sprite-0.p8.png,,0,Advanced sprite tricks and techniques for PICO-8 developers.,,https://www.lexaloffle.com/bbs/?tid=156215
Flower Bloom (Jam Version),PetalPusher,https://www.lexaloffle.com/bbs/thumbs/pico8_flower_bloom-0.png,https://www.lexaloffle.com/bbs/cposts/fl/flower_bloom-0.p8.png,,0,Watch flowers bloom in this relaxing jam entry.,,https://www.lexaloffle.com/bbs/?tid=156185
Celeste Classic,noel,https://www.lexaloffle.com/bbs/thumbs/pico8_celeste-0.png,https://www.lexaloffle.com/bbs/cposts/ce/celeste-0.p8.png,CC4-BY-NC-SA,0,The original Celeste PICO-8 prototype. Help Madeline summit the mountain.,,https://www.lexaloffle.com/bbs/?tid=2145
Dusk Child,krajzeg,https://www.lexaloffle.com/bbs/thumbs/pico8_dusk_child-0.png,https://www.lexaloffle.com/bbs/cposts/du/dusk_child-0.p8.png,,0,A platformer adventure in a world of dusk.,,https://www.lexaloffle.com/bbs/?tid=42481
Poom,freds72,https://www.lexaloffle.com/bbs/thumbs/pico8_poom-0.png,https://www.lexaloffle.com/bbs/cposts/po/poom-0.p8.png,CC4-BY-NC-SA,0,A DOOM demake for PICO-8 with raycasting graphics.,,https://www.lexaloffle.com/bbs/?tid=37853
Breakout,zep,https://www.lexaloffle.com/bbs/thumbs/pico8_breakout-0.png,https://www.lexaloffle.com/bbs/cposts/br/breakout-0.p8.png,,0,Classic breakout game bundled with PICO-8.,,https://www.lexaloffle.com/bbs/?tid=2232
Tiny TV Jam,Jakub Wasilewski,https://www.lexaloffle.com/bbs/thumbs/pico8_tiny_tv-0.png,https://www.lexaloffle.com/bbs/cposts/ti/tiny_tv-0.p8.png,CC4-BY-NC-SA,0,A tiny TV with interactive channels to explore.,,https://www.lexaloffle.com/bbs/?tid=31683
Frogger,dz,https://www.lexaloffle.com/bbs/thumbs/pico8_frogger-0.png,https://www.lexaloffle.com/bbs/cposts/fr/frogger-0.p8.png,,0,Help your frog cross a busy road in this Frogger clone.,,https://www.lexaloffle.com/bbs/?tid=1168
Pac-Man,Jusiv,https://www.lexaloffle.com/bbs/thumbs/pico8_pacman-0.png,https://www.lexaloffle.com/bbs/cposts/pa/pacman-0.p8.png,,0,A Pac-Man demake for PICO-8 with classic ghost AI.,,https://www.lexaloffle.com/bbs/?tid=4247
Galaga,cpan,https://www.lexaloffle.com/bbs/thumbs/pico8_galaga-0.png,https://www.lexaloffle.com/bbs/cposts/ga/galaga-0.p8.png,,0,Classic Galaga-style space shooter for PICO-8.,,https://www.lexaloffle.com/bbs/?tid=3516
Pico Racer,SimRacer,https://www.lexaloffle.com/bbs/thumbs/pico8_pico_racer-0.png,https://www.lexaloffle.com/bbs/cposts/pi/pico_racer-0.p8.png,,0,A top-down racing game with obstacles to dodge.,,https://www.lexaloffle.com/bbs/?tid=5432
Dungeon Delver,RogueCraft,https://www.lexaloffle.com/bbs/thumbs/pico8_dungeon_delver-0.png,https://www.lexaloffle.com/bbs/cposts/du/dungeon_delver-0.p8.png,CC4-BY-NC-SA,0,Explore procedurally generated dungeons and fight monsters.,,https://www.lexaloffle.com/bbs/?tid=6543
Jelpi,zep,https://www.lexaloffle.com/bbs/thumbs/pico8_jelpi-0.png,https://www.lexaloffle.com/bbs/cposts/je/jelpi-0.p8.png,,0,The official PICO-8 demo game featuring Jelpi the hero.,,https://www.lexaloffle.com/bbs/?tid=3516
Picohack,hackdev,https://www.lexaloffle.com/bbs/thumbs/pico8_picohack-0.png,https://www.lexaloffle.com/bbs/cposts/pi/picohack-0.p8.png,,0,A hacking minigame themed around terminal aesthetics.,,https://www.lexaloffle.com/bbs/?tid=7654
Space Invaders,PixelChef,https://www.lexaloffle.com/bbs/thumbs/pico8_space_invaders-0.png,https://www.lexaloffle.com/bbs/cposts/sp/space_invaders-0.p8.png,,0,Classic Space Invaders demake for PICO-8.,,https://www.lexaloffle.com/bbs/?tid=8765
Pico-Chess,ChessBot,https://www.lexaloffle.com/bbs/thumbs/pico8_pico_chess-0.png,https://www.lexaloffle.com/bbs/cposts/pi/pico_chess-0.p8.png,CC4-BY-NC-SA,0,A chess game for PICO-8 with basic AI opponent.,,https://www.lexaloffle.com/bbs/?tid=9876
Meteor Shower,StarlitSky,https://www.lexaloffle.com/bbs/thumbs/pico8_meteor_shower-0.png,https://www.lexaloffle.com/bbs/cposts/me/meteor_shower-0.p8.png,,0,Dodge meteors in an endless space survival game.,,https://www.lexaloffle.com/bbs/?tid=10987
Pixel Dungeon 8,PixelQuest,https://www.lexaloffle.com/bbs/thumbs/pico8_pixel_dungeon-0.png,https://www.lexaloffle.com/bbs/cposts/pi/pixel_dungeon-0.p8.png,,0,Roguelike dungeon crawler with pixel art graphics.,,https://www.lexaloffle.com/bbs/?tid=11098
Tiny Ski,SkiSlope,https://www.lexaloffle.com/bbs/thumbs/pico8_tiny_ski-0.png,https://www.lexaloffle.com/bbs/cposts/ti/tiny_ski-0.p8.png,,0,Ski down endless slopes while dodging trees.,,https://www.lexaloffle.com/bbs/?tid=12109
Micronaut,TinyShip,https://www.lexaloffle.com/bbs/thumbs/pico8_micronaut-0.png,https://www.lexaloffle.com/bbs/cposts/mi/micronaut-0.p8.png,,0,Navigate a microscopic submarine through the human body.,,https://www.lexaloffle.com/bbs/?tid=13210
Puzzle Bobble P8,BubblePop,https://www.lexaloffle.com/bbs/thumbs/pico8_puzzle_bobble-0.png,https://www.lexaloffle.com/bbs/cposts/pu/puzzle_bobble-0.p8.png,,0,Bubble shooter inspired by Puzzle Bobble / Bust-a-Move.,,https://www.lexaloffle.com/bbs/?tid=14321
Sokoban,BoxPusher,https://www.lexaloffle.com/bbs/thumbs/pico8_sokoban-0.png,https://www.lexaloffle.com/bbs/cposts/so/sokoban-0.p8.png,CC4-BY-NC-SA,0,Classic Sokoban puzzle game for PICO-8.,,https://www.lexaloffle.com/bbs/?tid=15432
Minesweeper,BombDodger,https://www.lexaloffle.com/bbs/thumbs/pico8_minesweeper-0.png,https://www.lexaloffle.com/bbs/cposts/mi/minesweeper-0.p8.png,,0,Classic Minesweeper for PICO-8.,,https://www.lexaloffle.com/bbs/?tid=16543
Pico-Kart,MarioKlone,https://www.lexaloffle.com/bbs/thumbs/pico8_pico_kart-0.png,https://www.lexaloffle.com/bbs/cposts/pi/pico_kart-0.p8.png,,0,Mode-7 style kart racing game for PICO-8.,,https://www.lexaloffle.com/bbs/?tid=17654
Shooting Star,StarBlaster,https://www.lexaloffle.com/bbs/thumbs/pico8_shooting_star-0.png,https://www.lexaloffle.com/bbs/cposts/sh/shooting_star-0.p8.png,,0,Bullet hell shooter with power-ups and boss fights.,,https://www.lexaloffle.com/bbs/?tid=18765
Tiny Tactics,TurnBasedTom,https://www.lexaloffle.com/bbs/thumbs/pico8_tiny_tactics-0.png,https://www.lexaloffle.com/bbs/cposts/ti/tiny_tactics-0.p8.png,CC4-BY-NC-SA,0,Turn-based tactics game with grid-based combat.,,https://www.lexaloffle.com/bbs/?tid=19876
PicoHero,CapeSprinter,https://www.lexaloffle.com/bbs/thumbs/pico8_pico_hero-0.png,https://www.lexaloffle.com/bbs/cposts/pi/pico_hero-0.p8.png,,0,Action platformer where you play as a caped hero.,,https://www.lexaloffle.com/bbs/?tid=20987
Tetris P8,BlockFall,https://www.lexaloffle.com/bbs/thumbs/pico8_tetris-0.png,https://www.lexaloffle.com/bbs/cposts/te/tetris-0.p8.png,,0,Classic falling block puzzle game for PICO-8.,,https://www.lexaloffle.com/bbs/?tid=21098
Spooky Maze,GhostWalker,https://www.lexaloffle.com/bbs/thumbs/pico8_spooky_maze-0.png,https://www.lexaloffle.com/bbs/cposts/sp/spooky_maze-0.p8.png,,0,Navigate a haunted maze and escape the ghosts.,,https://www.lexaloffle.com/bbs/?tid=22109
Lander,MoonLander,https://www.lexaloffle.com/bbs/thumbs/pico8_lander-0.png,https://www.lexaloffle.com/bbs/cposts/la/lander-0.p8.png,CC4-BY-NC-SA,0,Land your spacecraft safely on the lunar surface.,,https://www.lexaloffle.com/bbs/?tid=23210
Card Shark,DeckDealer,https://www.lexaloffle.com/bbs/thumbs/pico8_card_shark-0.png,https://www.lexaloffle.com/bbs/cposts/ca/card_shark-0.p8.png,,0,Solitaire card game with multiple modes for PICO-8.,,https://www.lexaloffle.com/bbs/?tid=24321
Gem Sorter,CrystalClear,https://www.lexaloffle.com/bbs/thumbs/pico8_gem_sorter-0.png,https://www.lexaloffle.com/bbs/cposts/ge/gem_sorter-0.p8.png,,0,Sort falling gems by color to score points.,,https://www.lexaloffle.com/bbs/?tid=25432
Pico Pinball,FlipperFan,https://www.lexaloffle.com/bbs/thumbs/pico8_pico_pinball-0.png,https://www.lexaloffle.com/bbs/cposts/pi/pico_pinball-0.p8.png,,0,Single-screen pinball game for PICO-8.,,https://www.lexaloffle.com/bbs/?tid=26543
Arctic Blast,IceCap,https://www.lexaloffle.com/bbs/thumbs/pico8_arctic_blast-0.png,https://www.lexaloffle.com/bbs/cposts/ar/arctic_blast-0.p8.png,,0,Shoot icy blasts at enemies in this frozen action game.,,https://www.lexaloffle.com/bbs/?tid=27654
Fishing Pico,FishMonger,https://www.lexaloffle.com/bbs/thumbs/pico8_fishing_pico-0.png,https://www.lexaloffle.com/bbs/cposts/fi/fishing_pico-0.p8.png,,0,Relaxing fishing game for PICO-8.,,https://www.lexaloffle.com/bbs/?tid=28765
Dragon Quest P8,RPGMaker,https://www.lexaloffle.com/bbs/thumbs/pico8_dragon_quest-0.png,https://www.lexaloffle.com/bbs/cposts/dr/dragon_quest-0.p8.png,,0,Tribute RPG inspired by classic Dragon Quest games.,,https://www.lexaloffle.com/bbs/?tid=29876
Boing!,BallBounce,https://www.lexaloffle.com/bbs/thumbs/pico8_boing-0.png,https://www.lexaloffle.com/bbs/cposts/bo/boing-0.p8.png,,0,A Pong-inspired bouncing ball game for two players.,,https://www.lexaloffle.com/bbs/?tid=30987
Tiny Tanks,TankCommander,https://www.lexaloffle.com/bbs/thumbs/pico8_tiny_tanks-0.png,https://www.lexaloffle.com/bbs/cposts/ti/tiny_tanks-0.p8.png,CC4-BY-NC-SA,0,Tank battle game with destructible terrain.,,https://www.lexaloffle.com/bbs/?tid=31098
Ninja Jump,SilentSlice,https://www.lexaloffle.com/bbs/thumbs/pico8_ninja_jump-0.png,https://www.lexaloffle.com/bbs/cposts/ni/ninja_jump-0.p8.png,,0,Vertical platformer where you jump between walls as a ninja.,,https://www.lexaloffle.com/bbs/?tid=32109
Wanderlust,MapMaker,https://www.lexaloffle.com/bbs/thumbs/pico8_wanderlust-0.png,https://www.lexaloffle.com/bbs/cposts/wa/wanderlust-0.p8.png,,0,Open-world exploration game with secrets to discover.,,https://www.lexaloffle.com/bbs/?tid=33210
Blob Rush,SlimeTime,https://www.lexaloffle.com/bbs/thumbs/pico8_blob_rush-0.png,https://www.lexaloffle.com/bbs/cposts/bl/blob_rush-0.p8.png,,0,Control a blob and rush through obstacle courses.,,https://www.lexaloffle.com/bbs/?tid=34321
PicoTower,TowerBlock,https://www.lexaloffle.com/bbs/thumbs/pico8_pico_tower-0.png,https://www.lexaloffle.com/bbs/cposts/pi/pico_tower-0.p8.png,CC4-BY-NC-SA,0,Stack blocks to build the tallest tower possible.,,https://www.lexaloffle.com/bbs/?tid=35432
Witch Doctor,PotionMaster,https://www.lexaloffle.com/bbs/thumbs/pico8_witch_doctor-0.png,https://www.lexaloffle.com/bbs/cposts/wi/witch_doctor-0.p8.png,,0,Brew potions and cast spells as a witch doctor.,,https://www.lexaloffle.com/bbs/?tid=36543
Pico Football,GoalKicker,https://www.lexaloffle.com/bbs/thumbs/pico8_pico_football-0.png,https://www.lexaloffle.com/bbs/cposts/pi/pico_football-0.p8.png,,0,Quick football / soccer match for PICO-8.,,https://www.lexaloffle.com/bbs/?tid=37654
Stars & Swords,GalaxyBlade,https://www.lexaloffle.com/bbs/thumbs/pico8_stars_swords-0.png,https://www.lexaloffle.com/bbs/cposts/st/stars_swords-0.p8.png,,0,Side-scrolling action RPG in a sci-fi fantasy setting.,,https://www.lexaloffle.com/bbs/?tid=38765
Micro Golf,HoleInOne,https://www.lexaloffle.com/bbs/thumbs/pico8_micro_golf-0.png,https://www.lexaloffle.com/bbs/cposts/mi/micro_golf-0.p8.png,,0,Miniature golf with creative hole designs.,,https://www.lexaloffle.com/bbs/?tid=39876
Turbo Run,SpeedDemon,https://www.lexaloffle.com/bbs/thumbs/pico8_turbo_run-0.png,https://www.lexaloffle.com/bbs/cposts/tu/turbo_run-0.p8.png,,0,Endless runner with speed-boosting powerups.,,https://www.lexaloffle.com/bbs/?tid=40987
PicoRPG,QuestMaster,https://www.lexaloffle.com/bbs/thumbs/pico8_pico_rpg-0.png,https://www.lexaloffle.com/bbs/cposts/pi/pico_rpg-0.p8.png,CC4-BY-NC-SA,0,"A full RPG experience in PICO-8 with story, battles, and exploration.",,https://www.lexaloffle.com/bbs/?tid=41098
Lunar Hopper,MoonJumper,https://www.lexaloffle.com/bbs/thumbs/pico8_lunar_hopper-0.png,https://www.lexaloffle.com/bbs/cposts/lu/lunar_hopper-0.p8.png,,0,Hop across the lunar surface and collect moon rocks.,,https://www.lexaloffle.com/bbs/?tid=42109
Storm Rider,LightningBolt,https://www.lexaloffle.com/bbs/thumbs/pico8_storm_rider-0.png,https://www.lexaloffle.com/bbs/cposts/st/storm_rider-0.p8.png,,0,Ride the storm through scrolling thundercloud levels.,,https://www.lexaloffle.com/bbs/?tid=43210
Pixel Quest,PixelHero,https://www.lexaloffle.com/bbs/thumbs/pico8_pixel_quest-0.png,https://www.lexaloffle.com/bbs/cposts/pi/pixel_quest-0.p8.png,,0,2D platformer adventure with pixel art graphics.,,https://www.lexaloffle.com/bbs/?tid=44321
Maze Runner P8,PathFinder,https://www.lexaloffle.com/bbs/thumbs/pico8_maze_runner-0.png,https://www.lexaloffle.com/bbs/cposts/ma/maze_runner-0.p8.png,,0,Solve procedurally generated mazes against the clock.,,https://www.lexaloffle.com/bbs/?tid=45432
Volcano Escape,LavaSurfer,https://www.lexaloffle.com/bbs/thumbs/pico8_volcano_escape-0.png,https://www.lexaloffle.com/bbs/cposts/vo/volcano_escape-0.p8.png,,0,Escape the erupting volcano before the lava catches you.,,https://www.lexaloffle.com/bbs/?tid=46543
Aqua Dash,WaterDiver,https://www.lexaloffle.com/bbs/thumbs/pico8_aqua_dash-0.png,https://www.lexaloffle.com/bbs/cposts/aq/aqua_dash-0.p8.png,CC4-BY-NC-SA,0,Underwater dashing action with sea creature enemies.,,https://www.lexaloffle.com/bbs/?tid=47654
Ghost Hunt,SpectralHunter,https://www.lexaloffle.com/bbs/thumbs/pico8_ghost_hunt-0.png,https://www.lexaloffle.com/bbs/cposts/gh/ghost_hunt-0.p8.png,,0,Hunt ghosts in haunted buildings across multiple levels.,,https://www.lexaloffle.com/bbs/?tid=48765
Tiny Platformer,JumpKing,https://www.lexaloffle.com/bbs/thumbs/pico8_tiny_platformer-0.png,https://www.lexaloffle.com/bbs/cposts/ti/tiny_platformer-0.p8.png,,0,Minimalist platformer with tight controls.,,https://www.lexaloffle.com/bbs/?tid=49876
PicoCity,CityBuilder,https://www.lexaloffle.com/bbs/thumbs/pico8_pico_city-0.png,https://www.lexaloffle.com/bbs/cposts/pi/pico_city-0.p8.png,,0,Build and manage a tiny city in this simulation game.,,https://www.lexaloffle.com/bbs/?tid=50987
Flap Pico,BirdBrain,https://www.lexaloffle.com/bbs/thumbs/pico8_flap_pico-0.png,https://www.lexaloffle.com/bbs/cposts/fl/flap_pico-0.p8.png,,0,Flappy Bird style game for PICO-8.,,https://www.lexaloffle.com/bbs/?tid=51098
Astro Dodger,NebulaDancer,https://www.lexaloffle.com/bbs/thumbs/pico8_astro_dodger-0.png,https://www.lexaloffle.com/bbs/cposts/as/astro_dodger-0.p8.png,CC4-BY-NC-SA,0,Dodge asteroids and survive as long as possible.,,https://www.lexaloffle.com/bbs/?tid=52109
Sword Swipe,BladeRunner,https://www.lexaloffle.com/bbs/thumbs/pico8_sword_swipe-0.png,https://www.lexaloffle.com/bbs/cposts/sw/sword_swipe-0.p8.png,,0,Slash enemies with your sword in this action game.,,https://www.lexaloffle.com/bbs/?tid=53210
Cyber Snake,NeonCrawler,https://www.lexaloffle.com/bbs/thumbs/pico8_cyber_snake-0.png,https://www.lexaloffle.com/bbs/cposts/cy/cyber_snake-0.p8.png,,0,Snake game with a cyberpunk neon aesthetic.,,https://www.lexaloffle.com/bbs/?tid=54321
Pixel Farm,HarvestMoon,https://www.lexaloffle.com/bbs/thumbs/pico8_pixel_farm-0.png,https://www.lexaloffle.com/bbs/cposts/pi/pixel_farm-0.p8.png,,0,Grow crops and raise animals on your pixel farm.,,https://www.lexaloffle.com/bbs/?tid=55432
Tower of Babel,SkyBuilder,https://www.lexaloffle.com/bbs/thumbs/pico8_tower_babel-0.png,https://www.lexaloffle.com/bbs/cposts/to/tower_babel-0.p8.png,CC4-BY-NC-SA,0,Build the Tower of Babel without it toppling over.,,https://www.lexaloffle.com/bbs/?tid=56543
Pirate Plunder,SeaDog,https://www.lexaloffle.com/bbs/thumbs/pico8_pirate_plunder-0.png,https://www.lexaloffle.com/bbs/cposts/pi/pirate_plunder-0.p8.png,,0,"Sail the seas, find treasure, and battle enemy ships.",,https://www.lexaloffle.com/bbs/?tid=57654
Gravity Flip,AntiGravity,https://www.lexaloffle.com/bbs/thumbs/pico8_gravity_flip-0.png,https://www.lexaloffle.com/bbs/cposts/gr/gravity_flip-0.p8.png,,0,Flip gravity to navigate through impossible levels.,,https://www.lexaloffle.com/bbs/?tid=58765
Desert Sprint,SandRunner,https://www.lexaloffle.com/bbs/thumbs/pico8_desert_sprint-0.png,https://www.lexaloffle.com/bbs/cposts/de/desert_sprint-0.p8.png,,0,Sprint across the desert while avoiding scorpions.,,https://www.lexaloffle.com/bbs/?tid=59876
Night Owl,MidnightCoder,https://www.lexaloffle.com/bbs/thumbs/pico8_night_owl-0.png,https://www.lexaloffle.com/bbs/cposts/ni/night_owl-0.p8.png,CC4-BY-NC-SA,0,Fly as a night owl and hunt prey in the darkness.,,https://www.lexaloffle.com/bbs/?tid=60987
Color Match,HueShifter,https://www.lexaloffle.com/bbs/thumbs/pico8_color_match-0.png,https://www.lexaloffle.com/bbs/cposts/co/color_match-0.p8.png,,0,Match colors before time runs out in this fast puzzle game.,,https://www.lexaloffle.com/bbs/?tid=61098
PicoShop,ShopKeeper,https://www.lexaloffle.com/bbs/thumbs/pico8_pico_shop-0.png,https://www.lexaloffle.com/bbs/cposts/pi/pico_shop-0.p8.png,,0,"Run a shop, manage inventory, and satisfy customers.",,https://www.lexaloffle.com/bbs/?tid=62109
Dino Jump,TRexer,https://www.lexaloffle.com/bbs/thumbs/pico8_dino_jump-0.png,https://www.lexaloffle.com/bbs/cposts/di/dino_jump-0.p8.png,,0,Help your dinosaur jump over cacti in this endless runner.,,https://www.lexaloffle.com/bbs/?tid=63210
Sky Fortress,AirAdmiral,https://www.lexaloffle.com/bbs/thumbs/pico8_sky_fortress-0.png,https://www.lexaloffle.com/bbs/cposts/sk/sky_fortress-0.p8.png,CC4-BY-NC-SA,0,Defend your airborne fortress from enemy aircraft.,,https://www.lexaloffle.com/bbs/?tid=64321
Pixel Pet,TamaKeeper,https://www.lexaloffle.com/bbs/thumbs/pico8_pixel_pet-0.png,https://www.lexaloffle.com/bbs/cposts/pi/pixel_pet-0.p8.png,,0,Raise and care for your virtual pixel pet.,,https://www.lexaloffle.com/bbs/?tid=65432
Cave Explorer,CaveDiver,https://www.lexaloffle.com/bbs/thumbs/pico8_cave_explorer-0.png,https://www.lexaloffle.com/bbs/cposts/ca/cave_explorer-0.p8.png,,0,Explore dangerous caves full of treasures and traps.,,https://www.lexaloffle.com/bbs/?tid=66543
Robo Rescue,MechMover,https://www.lexaloffle.com/bbs/thumbs/pico8_robo_rescue-0.png,https://www.lexaloffle.com/bbs/cposts/ro/robo_rescue-0.p8.png,CC4-BY-NC-SA,0,Rescue trapped robots across increasingly complex levels.,,https://www.lexaloffle.com/bbs/?tid=67654
Pico Painter,CanvasKid,https://www.lexaloffle.com/bbs/thumbs/pico8_pico_painter-0.png,https://www.lexaloffle.com/bbs/cposts/pi/pico_painter-0.p8.png,,0,A drawing and painting tool built entirely in PICO-8.,,https://www.lexaloffle.com/bbs/?tid=68765
